[{"model": "admin.logentry", "pk": 1, "fields": {"action_time": "2024-07-16T04:26:50.553Z", "user": 1, "content_type": 4, "object_id": "4", "object_repr": "JOEDOE", "action_flag": 3, "change_message": ""}}, {"model": "admin.logentry", "pk": 2, "fields": {"action_time": "2024-07-16T04:26:50.890Z", "user": 1, "content_type": 4, "object_id": "2", "object_repr": "JOHNDOE", "action_flag": 3, "change_message": ""}}, {"model": "admin.logentry", "pk": 3, "fields": {"action_time": "2024-07-16T04:26:51.270Z", "user": 1, "content_type": 4, "object_id": "3", "object_repr": "SUEDOE", "action_flag": 3, "change_message": ""}}, {"model": "admin.logentry", "pk": 4, "fields": {"action_time": "2024-07-16T10:35:23.476Z", "user": 1, "content_type": 8, "object_id": "1", "object_repr": "Grand Hall", "action_flag": 1, "change_message": "[{\"added\": {}}, {\"added\": {\"name\": \"venue image\", \"object\": \"VenueImage object (1)\"}}, {\"added\": {\"name\": \"venue image\", \"object\": \"VenueImage object (2)\"}}, {\"added\": {\"name\": \"venue image\", \"object\": \"VenueImage object (3)\"}}, {\"added\": {\"name\": \"venue image\", \"object\": \"VenueImage object (4)\"}}, {\"added\": {\"name\": \"venue image\", \"object\": \"VenueImage object (5)\"}}, {\"added\": {\"name\": \"venue image\", \"object\": \"VenueImage object (6)\"}}, {\"added\": {\"name\": \"venue image\", \"object\": \"VenueImage object (7)\"}}, {\"added\": {\"name\": \"venue image\", \"object\": \"VenueImage object (8)\"}}]"}}, {"model": "admin.logentry", "pk": 5, "fields": {"action_time": "2024-07-16T10:40:24.548Z", "user": 1, "content_type": 8, "object_id": "2", "object_repr": "Ocean View", "action_flag": 1, "change_message": "[{\"added\": {}}, {\"added\": {\"name\": \"venue image\", \"object\": \"VenueImage object (9)\"}}, {\"added\": {\"name\": \"venue image\", \"object\": \"VenueImage object (10)\"}}, {\"added\": {\"name\": \"venue image\", \"object\": \"VenueImage object (11)\"}}, {\"added\": {\"name\": \"venue image\", \"object\": \"VenueImage object (12)\"}}, {\"added\": {\"name\": \"venue image\", \"object\": \"VenueImage object (13)\"}}, {\"added\": {\"name\": \"venue image\", \"object\": \"VenueImage object (14)\"}}, {\"added\": {\"name\": \"venue image\", \"object\": \"VenueImage object (15)\"}}]"}}, {"model": "admin.logentry", "pk": 6, "fields": {"action_time": "2024-07-16T10:46:06.730Z", "user": 1, "content_type": 8, "object_id": "3", "object_repr": "Mountain View", "action_flag": 1, "change_message": "[{\"added\": {}}, {\"added\": {\"name\": \"venue image\", \"object\": \"VenueImage object (16)\"}}, {\"added\": {\"name\": \"venue image\", \"object\": \"VenueImage object (17)\"}}, {\"added\": {\"name\": \"venue image\", \"object\": \"VenueImage object (18)\"}}, {\"added\": {\"name\": \"venue image\", \"object\": \"VenueImage object (19)\"}}, {\"added\": {\"name\": \"venue image\", \"object\": \"VenueImage object (20)\"}}, {\"added\": {\"name\": \"venue image\", \"object\": \"VenueImage object (21)\"}}, {\"added\": {\"name\": \"venue image\", \"object\": \"VenueImage object (22)\"}}]"}}, {"model": "admin.logentry", "pk": 7, "fields": {"action_time": "2024-07-16T10:49:35.978Z", "user": 1, "content_type": 8, "object_id": "4", "object_repr": "City Conference Center", "action_flag": 1, "change_message": "[{\"added\": {}}, {\"added\": {\"name\": \"venue image\", \"object\": \"VenueImage object (23)\"}}, {\"added\": {\"name\": \"venue image\", \"object\": \"VenueImage object (24)\"}}, {\"added\": {\"name\": \"venue image\", \"object\": \"VenueImage object (25)\"}}, {\"added\": {\"name\": \"venue image\", \"object\": \"VenueImage object (26)\"}}, {\"added\": {\"name\": \"venue image\", \"object\": \"VenueImage object (27)\"}}, {\"added\": {\"name\": \"venue image\", \"object\": \"VenueImage object (28)\"}}, {\"added\": {\"name\": \"venue image\", \"object\": \"VenueImage object (29)\"}}]"}}, {"model": "admin.logentry", "pk": 8, "fields": {"action_time": "2024-07-16T10:53:30.695Z", "user": 1, "content_type": 8, "object_id": "5", "object_repr": "Rustic Barn", "action_flag": 1, "change_message": "[{\"added\": {}}, {\"added\": {\"name\": \"venue image\", \"object\": \"VenueImage object (30)\"}}, {\"added\": {\"name\": \"venue image\", \"object\": \"VenueImage object (31)\"}}, {\"added\": {\"name\": \"venue image\", \"object\": \"VenueImage object (32)\"}}, {\"added\": {\"name\": \"venue image\", \"object\": \"VenueImage object (33)\"}}, {\"added\": {\"name\": \"venue image\", \"object\": \"VenueImage object (34)\"}}, {\"added\": {\"name\": \"venue image\", \"object\": \"VenueImage object (35)\"}}]"}}, {"model": "admin.logentry", "pk": 9, "fields": {"action_time": "2024-07-20T08:43:15.788Z", "user": 1, "content_type": 4, "object_id": "1", "object_repr": "admin", "action_flag": 2, "change_message": "[{\"changed\": {\"fields\": [\"First name\", \"Last name\", \"Email address\"]}}]"}}, {"model": "auth.permission", "pk": 1, "fields": {"name": "Can add log entry", "content_type": 1, "codename": "add_logentry"}}, {"model": "auth.permission", "pk": 2, "fields": {"name": "Can change log entry", "content_type": 1, "codename": "change_logentry"}}, {"model": "auth.permission", "pk": 3, "fields": {"name": "Can delete log entry", "content_type": 1, "codename": "delete_logentry"}}, {"model": "auth.permission", "pk": 4, "fields": {"name": "Can view log entry", "content_type": 1, "codename": "view_logentry"}}, {"model": "auth.permission", "pk": 5, "fields": {"name": "Can add permission", "content_type": 2, "codename": "add_permission"}}, {"model": "auth.permission", "pk": 6, "fields": {"name": "Can change permission", "content_type": 2, "codename": "change_permission"}}, {"model": "auth.permission", "pk": 7, "fields": {"name": "Can delete permission", "content_type": 2, "codename": "delete_permission"}}, {"model": "auth.permission", "pk": 8, "fields": {"name": "Can view permission", "content_type": 2, "codename": "view_permission"}}, {"model": "auth.permission", "pk": 9, "fields": {"name": "Can add group", "content_type": 3, "codename": "add_group"}}, {"model": "auth.permission", "pk": 10, "fields": {"name": "Can change group", "content_type": 3, "codename": "change_group"}}, {"model": "auth.permission", "pk": 11, "fields": {"name": "Can delete group", "content_type": 3, "codename": "delete_group"}}, {"model": "auth.permission", "pk": 12, "fields": {"name": "Can view group", "content_type": 3, "codename": "view_group"}}, {"model": "auth.permission", "pk": 13, "fields": {"name": "Can add user", "content_type": 4, "codename": "add_user"}}, {"model": "auth.permission", "pk": 14, "fields": {"name": "Can change user", "content_type": 4, "codename": "change_user"}}, {"model": "auth.permission", "pk": 15, "fields": {"name": "Can delete user", "content_type": 4, "codename": "delete_user"}}, {"model": "auth.permission", "pk": 16, "fields": {"name": "Can view user", "content_type": 4, "codename": "view_user"}}, {"model": "auth.permission", "pk": 17, "fields": {"name": "Can add content type", "content_type": 5, "codename": "add_contenttype"}}, {"model": "auth.permission", "pk": 18, "fields": {"name": "Can change content type", "content_type": 5, "codename": "change_contenttype"}}, {"model": "auth.permission", "pk": 19, "fields": {"name": "Can delete content type", "content_type": 5, "codename": "delete_contenttype"}}, {"model": "auth.permission", "pk": 20, "fields": {"name": "Can view content type", "content_type": 5, "codename": "view_contenttype"}}, {"model": "auth.permission", "pk": 21, "fields": {"name": "Can add session", "content_type": 6, "codename": "add_session"}}, {"model": "auth.permission", "pk": 22, "fields": {"name": "Can change session", "content_type": 6, "codename": "change_session"}}, {"model": "auth.permission", "pk": 23, "fields": {"name": "Can delete session", "content_type": 6, "codename": "delete_session"}}, {"model": "auth.permission", "pk": 24, "fields": {"name": "Can view session", "content_type": 6, "codename": "view_session"}}, {"model": "auth.permission", "pk": 25, "fields": {"name": "Can add custom user", "content_type": 7, "codename": "add_customuser"}}, {"model": "auth.permission", "pk": 26, "fields": {"name": "Can change custom user", "content_type": 7, "codename": "change_customuser"}}, {"model": "auth.permission", "pk": 27, "fields": {"name": "Can delete custom user", "content_type": 7, "codename": "delete_customuser"}}, {"model": "auth.permission", "pk": 28, "fields": {"name": "Can view custom user", "content_type": 7, "codename": "view_customuser"}}, {"model": "auth.permission", "pk": 29, "fields": {"name": "Can add venue", "content_type": 8, "codename": "add_venue"}}, {"model": "auth.permission", "pk": 30, "fields": {"name": "Can change venue", "content_type": 8, "codename": "change_venue"}}, {"model": "auth.permission", "pk": 31, "fields": {"name": "Can delete venue", "content_type": 8, "codename": "delete_venue"}}, {"model": "auth.permission", "pk": 32, "fields": {"name": "Can view venue", "content_type": 8, "codename": "view_venue"}}, {"model": "auth.permission", "pk": 33, "fields": {"name": "Can add venue image", "content_type": 9, "codename": "add_venueimage"}}, {"model": "auth.permission", "pk": 34, "fields": {"name": "Can change venue image", "content_type": 9, "codename": "change_venueimage"}}, {"model": "auth.permission", "pk": 35, "fields": {"name": "Can delete venue image", "content_type": 9, "codename": "delete_venueimage"}}, {"model": "auth.permission", "pk": 36, "fields": {"name": "Can view venue image", "content_type": 9, "codename": "view_venueimage"}}, {"model": "auth.permission", "pk": 37, "fields": {"name": "Can add booking", "content_type": 10, "codename": "add_booking"}}, {"model": "auth.permission", "pk": 38, "fields": {"name": "Can change booking", "content_type": 10, "codename": "change_booking"}}, {"model": "auth.permission", "pk": 39, "fields": {"name": "Can delete booking", "content_type": 10, "codename": "delete_booking"}}, {"model": "auth.permission", "pk": 40, "fields": {"name": "Can view booking", "content_type": 10, "codename": "view_booking"}}, {"model": "auth.permission", "pk": 41, "fields": {"name": "Can add payments", "content_type": 11, "codename": "add_payments"}}, {"model": "auth.permission", "pk": 42, "fields": {"name": "Can change payments", "content_type": 11, "codename": "change_payments"}}, {"model": "auth.permission", "pk": 43, "fields": {"name": "Can delete payments", "content_type": 11, "codename": "delete_payments"}}, {"model": "auth.permission", "pk": 44, "fields": {"name": "Can view payments", "content_type": 11, "codename": "view_payments"}}, {"model": "contenttypes.contenttype", "pk": 1, "fields": {"app_label": "admin", "model": "logentry"}}, {"model": "contenttypes.contenttype", "pk": 2, "fields": {"app_label": "auth", "model": "permission"}}, {"model": "contenttypes.contenttype", "pk": 3, "fields": {"app_label": "auth", "model": "group"}}, {"model": "contenttypes.contenttype", "pk": 4, "fields": {"app_label": "auth", "model": "user"}}, {"model": "contenttypes.contenttype", "pk": 5, "fields": {"app_label": "contenttypes", "model": "contenttype"}}, {"model": "contenttypes.contenttype", "pk": 6, "fields": {"app_label": "sessions", "model": "session"}}, {"model": "contenttypes.contenttype", "pk": 7, "fields": {"app_label": "users", "model": "customuser"}}, {"model": "contenttypes.contenttype", "pk": 8, "fields": {"app_label": "venues", "model": "venue"}}, {"model": "contenttypes.contenttype", "pk": 9, "fields": {"app_label": "venues", "model": "venueimage"}}, {"model": "contenttypes.contenttype", "pk": 10, "fields": {"app_label": "venues", "model": "booking"}}, {"model": "contenttypes.contenttype", "pk": 11, "fields": {"app_label": "payment", "model": "payments"}}, {"model": "sessions.session", "pk": "batrqrpkgfysyh2lmmpz7y3pzcwyqdyw", "fields": {"session_data": ".eJxVjMsKwyAQAP_FcxEfkV177L3fEFZda9qiEJNT6L8XIYf2OjPMIWbatzLvndd5SeIqjLj8skDxxXWI9KT6aDK2uq1LkCORp-3y3hK_b2f7NyjUy9hGZw2anAITo57QIQNydpMOSBPlDEZRDgTOe6cNoLcAaHUgBcoa8fkC53E3Ug:1sWWbz:3p5VfRZdwlz7c0BmsPP3rkUMO0GmGe0-NlDlJZkBePU", "expire_date": "2024-08-07T07:40:35.943Z"}}, {"model": "sessions.session", "pk": "zvpzdrt74h7lb9o4fcvf1z9ravll3c3t", "fields": {"session_data": ".eJxVjMsKwyAQAP_FcxEfkV177L3fEFZda9qiEJNT6L8XIYf2OjPMIWbatzLvndd5SeIqjLj8skDxxXWI9KT6aDK2uq1LkCORp-3y3hK_b2f7NyjUy9hGZw2anAITo57QIQNydpMOSBPlDEZRDgTOe6cNoLcAaHUgBcoa8fkC53E3Ug:1sZAhl:ypmIOs7LhvP9eEd6DHgwPi_Zu3mRbj79Cf8zxhZKYBI", "expire_date": "2024-08-14T14:53:29.282Z"}}, {"model": "users.customuser", "pk": 1, "fields": {"last_login": null, "is_superuser": false, "username": "JOHNDOE", "password": "pbkdf2_sha256$720000$p1OZanUYepVCpiGZZogqq4$1MkI+ShhccL1hbeubxDeDUjWqf/WSlPa+FdOtejx9IA=", "email": "JohnDoe@gmail.com", "first_name": "", "last_name": "", "is_active": true, "is_staff": false, "date_joined": "2024-07-21T05:16:45.358Z", "groups": [], "user_permissions": []}}, {"model": "users.customuser", "pk": 2, "fields": {"last_login": "2024-07-31T14:53:29.056Z", "is_superuser": true, "username": "admin01", "password": "pbkdf2_sha256$720000$8zADGJkaAHjTtew793kAZF$JTi1AB8vkK8p2hNMftRSdNq4Ik33v97SzIWi8cSpzIQ=", "email": "admin@gmail.com", "first_name": "", "last_name": "", "is_active": true, "is_staff": true, "date_joined": "2024-07-24T07:36:25.926Z", "groups": [], "user_permissions": []}}, {"model": "users.customuser", "pk": 3, "fields": {"last_login": null, "is_superuser": false, "username": "DavidM", "password": "pbkdf2_sha256$720000$FP0WEPk1ETQco6A4vetsPo$JiWZAslb21SHlLh121Qbq6I+h7weN+BSsPmii8h2Yek=", "email": "DavidM@gmail.com", "first_name": "", "last_name": "", "is_active": true, "is_staff": false, "date_joined": "2024-08-29T12:52:36.549Z", "groups": [], "user_permissions": []}}, {"model": "users.customuser", "pk": 4, "fields": {"last_login": null, "is_superuser": false, "username": "FrankM", "password": "pbkdf2_sha256$720000$H4yI8ufvuJCCSwATU50DoI$MAgZzTIsTDJTNNxAoZ1QzMLggdQ19lzsvr62h7fUIW8=", "email": "FrankM@gmail.com", "first_name": "", "last_name": "", "is_active": true, "is_staff": false, "date_joined": "2024-09-03T12:55:25.720Z", "groups": [], "user_permissions": []}}, {"model": "venues.venue", "pk": 1, "fields": {"venue_name": "Central Plaza", "venue_address": "New York, NY (Times Square)", "venue_country": "USA", "latitude": "51.507350", "longitude": "-0.127758", "venue_bedrooms": 5, "venue_bathrooms": 3, "venue_amenities": "WiFi, Pool, Parking", "description": " A bustling plaza located in the heart of New York City, known for its vibrant atmosphere and close proximity to Times Square. Central Plaza is a popular spot for events, gatherings, and outdoor performances, offering a dynamic urban experience.", "venue_price": "5000.00", "available": true, "created_at": "2024-07-16T10:35:23.078Z", "updated_at": "2024-07-16T10:35:23.078Z"}}, {"model": "venues.venue", "pk": 2, "fields": {"venue_name": "City View Conference Center", "venue_address": "Los Angeles, CA (Downtown LA)", "venue_country": "USA", "latitude": "25.761680", "longitude": "-80.191790", "venue_bedrooms": 3, "venue_bathrooms": 2, "venue_amenities": "WiFi, Ocean View, Parking", "description": " Situated in downtown Los Angeles, the City View Conference Center boasts panoramic views of the city's skyline. This modern venue is ideal for business conferences, corporate meetings, and social events, providing state-of-the-art facilities and an elegant ambiance.", "venue_price": "3000.00", "available": true, "created_at": "2024-07-16T10:40:24.265Z", "updated_at": "2024-07-16T10:40:24.265Z"}}, {"model": "venues.venue", "pk": 3, "fields": {"venue_name": "Golden Gate Banquet Hall", "venue_address": "San Francisco, CA (Golden Gate Park)", "venue_country": "Canada", "latitude": "37.774929", "longitude": "-122.419416", "venue_bedrooms": 4, "venue_bathrooms": 2, "venue_amenities": "WiFi, Fireplace, Parking", "description": " Nestled near Golden Gate Park in San Francisco, the Golden Gate Banquet Hall offers a picturesque setting for weddings, banquets, and special occasions. The venue features beautiful interiors, ample space, and a charming atmosphere perfect for memorable events.", "venue_price": "4000.00", "available": true, "created_at": "2024-07-16T10:46:06.438Z", "updated_at": "2024-07-16T10:46:06.438Z"}}, {"model": "venues.venue", "pk": 4, "fields": {"venue_name": "Oceanfront Pavilion", "venue_address": "Miami, FL (Miami Beach)", "venue_country": "USA", "latitude": "34.052235", "longitude": "-118.243683", "venue_bedrooms": 0, "venue_bathrooms": 5, "venue_amenities": "WiFi, Projector, Parking", "description": "Located on Miami Beach, the Oceanfront Pavilion is a stunning venue with breathtaking views of the Atlantic Ocean. This seaside location is perfect for beach weddings, parties, and outdoor concerts, providing a tropical paradise ambiance.", "venue_price": "2000.00", "available": true, "created_at": "2024-07-16T10:49:35.782Z", "updated_at": "2024-07-16T10:49:35.782Z"}}, {"model": "venues.venue", "pk": 5, "fields": {"venue_name": "Westminster Estate", "venue_address": " London, UK (Westminster)", "venue_country": "USA", "latitude": "51.507351", "longitude": "-0.127758", "venue_bedrooms": 2, "venue_bathrooms": 1, "venue_amenities": "WiFi, Outdoor Area, Parking", "description": "Situated in London, UK, the Westminster Estate is an elegant venue offering a blend of historic charm and modern luxury. This estate is perfect for high-profile events, galas, and private parties, with its exquisite gardens, grand halls, and exceptional service.", "venue_price": "3500.00", "available": true, "created_at": "2024-07-16T10:53:30.562Z", "updated_at": "2024-07-16T10:53:30.562Z"}}, {"model": "venues.venueimage", "pk": 1, "fields": {"venue": 1, "image": "venue_images/reception.jpg", "uploaded_at": "2024-07-16T10:35:23.281Z"}}, {"model": "venues.venueimage", "pk": 2, "fields": {"venue": 1, "image": "venue_images/reading_area.jpg", "uploaded_at": "2024-07-16T10:35:23.326Z"}}, {"model": "venues.venueimage", "pk": 3, "fields": {"venue": 1, "image": "venue_images/outside_pool.jpg", "uploaded_at": "2024-07-16T10:35:23.370Z"}}, {"model": "venues.venueimage", "pk": 4, "fields": {"venue": 1, "image": "venue_images/outside_photo.jpg", "uploaded_at": "2024-07-16T10:35:23.393Z"}}, {"model": "venues.venueimage", "pk": 5, "fields": {"venue": 1, "image": "venue_images/lobby.jpg", "uploaded_at": "2024-07-16T10:35:23.413Z"}}, {"model": "venues.venueimage", "pk": 6, "fields": {"venue": 1, "image": "venue_images/bedroom.jpg", "uploaded_at": "2024-07-16T10:35:23.433Z"}}, {"model": "venues.venueimage", "pk": 7, "fields": {"venue": 1, "image": "venue_images/bathroom.jpg", "uploaded_at": "2024-07-16T10:35:23.445Z"}}, {"model": "venues.venueimage", "pk": 8, "fields": {"venue": 1, "image": "venue_images/bar.jpg", "uploaded_at": "2024-07-16T10:35:23.460Z"}}, {"model": "venues.venueimage", "pk": 9, "fields": {"venue": 2, "image": "venue_images/bar_2.jpg", "uploaded_at": "2024-07-16T10:40:24.312Z"}}, {"model": "venues.venueimage", "pk": 10, "fields": {"venue": 2, "image": "venue_images/bathroom_2.jpg", "uploaded_at": "2024-07-16T10:40:24.371Z"}}, {"model": "venues.venueimage", "pk": 11, "fields": {"venue": 2, "image": "venue_images/bedroom_2.jpg", "uploaded_at": "2024-07-16T10:40:24.378Z"}}, {"model": "venues.venueimage", "pk": 12, "fields": {"venue": 2, "image": "venue_images/hotel_lobby_2.jpg", "uploaded_at": "2024-07-16T10:40:24.399Z"}}, {"model": "venues.venueimage", "pk": 13, "fields": {"venue": 2, "image": "venue_images/hotel_outside_2.jpg", "uploaded_at": "2024-07-16T10:40:24.445Z"}}, {"model": "venues.venueimage", "pk": 14, "fields": {"venue": 2, "image": "venue_images/pool_area_2.jpg", "uploaded_at": "2024-07-16T10:40:24.500Z"}}, {"model": "venues.venueimage", "pk": 15, "fields": {"venue": 2, "image": "venue_images/reception_2.jpg", "uploaded_at": "2024-07-16T10:40:24.532Z"}}, {"model": "venues.venueimage", "pk": 16, "fields": {"venue": 3, "image": "venue_images/bar_4.jpg", "uploaded_at": "2024-07-16T10:46:06.465Z"}}, {"model": "venues.venueimage", "pk": 17, "fields": {"venue": 3, "image": "venue_images/bathroom_4.jpg", "uploaded_at": "2024-07-16T10:46:06.485Z"}}, {"model": "venues.venueimage", "pk": 18, "fields": {"venue": 3, "image": "venue_images/bedroom_4.jpg", "uploaded_at": "2024-07-16T10:46:06.552Z"}}, {"model": "venues.venueimage", "pk": 19, "fields": {"venue": 3, "image": "venue_images/hotel_lobby_4.jpg", "uploaded_at": "2024-07-16T10:46:06.593Z"}}, {"model": "venues.venueimage", "pk": 20, "fields": {"venue": 3, "image": "venue_images/reception_4.jpg", "uploaded_at": "2024-07-16T10:46:06.599Z"}}, {"model": "venues.venueimage", "pk": 21, "fields": {"venue": 3, "image": "venue_images/pool_area_4.jpg", "uploaded_at": "2024-07-16T10:46:06.718Z"}}, {"model": "venues.venueimage", "pk": 22, "fields": {"venue": 3, "image": "venue_images/hotel_outside_4.jpg", "uploaded_at": "2024-07-16T10:46:06.729Z"}}, {"model": "venues.venueimage", "pk": 23, "fields": {"venue": 4, "image": "venue_images/bar_3.jpg", "uploaded_at": "2024-07-16T10:49:35.824Z"}}, {"model": "venues.venueimage", "pk": 24, "fields": {"venue": 4, "image": "venue_images/bathroom_3.jpg", "uploaded_at": "2024-07-16T10:49:35.860Z"}}, {"model": "venues.venueimage", "pk": 25, "fields": {"venue": 4, "image": "venue_images/bedroom_3.jpg", "uploaded_at": "2024-07-16T10:49:35.879Z"}}, {"model": "venues.venueimage", "pk": 26, "fields": {"venue": 4, "image": "venue_images/hotel_lobby_3.jpg", "uploaded_at": "2024-07-16T10:49:35.903Z"}}, {"model": "venues.venueimage", "pk": 27, "fields": {"venue": 4, "image": "venue_images/hotel_outside_3.jpg", "uploaded_at": "2024-07-16T10:49:35.946Z"}}, {"model": "venues.venueimage", "pk": 28, "fields": {"venue": 4, "image": "venue_images/pool_area_3.jpg", "uploaded_at": "2024-07-16T10:49:35.960Z"}}, {"model": "venues.venueimage", "pk": 29, "fields": {"venue": 4, "image": "venue_images/reception_3.jpg", "uploaded_at": "2024-07-16T10:49:35.978Z"}}, {"model": "venues.venueimage", "pk": 30, "fields": {"venue": 5, "image": "venue_images/bar_5.jpg", "uploaded_at": "2024-07-16T10:53:30.588Z"}}, {"model": "venues.venueimage", "pk": 31, "fields": {"venue": 5, "image": "venue_images/bathroom_5.jpg", "uploaded_at": "2024-07-16T10:53:30.600Z"}}, {"model": "venues.venueimage", "pk": 32, "fields": {"venue": 5, "image": "venue_images/bedroom_5.jpg", "uploaded_at": "2024-07-16T10:53:30.609Z"}}, {"model": "venues.venueimage", "pk": 33, "fields": {"venue": 5, "image": "venue_images/hotel_lobby.jpg", "uploaded_at": "2024-07-16T10:53:30.662Z"}}, {"model": "venues.venueimage", "pk": 34, "fields": {"venue": 5, "image": "venue_images/hotel_outside_5.jpg", "uploaded_at": "2024-07-16T10:53:30.675Z"}}, {"model": "venues.venueimage", "pk": 35, "fields": {"venue": 5, "image": "venue_images/pool_area_5.jpg", "uploaded_at": "2024-07-16T10:53:30.695Z"}}, {"model": "venues.booking", "pk": 1, "fields": {"user": 1, "venue": 1, "phone_number": "+27123456789", "number_of_guests": 17, "special_requests": "n/a", "booking_date": "2024-07-29", "booking_time": "10:45:00", "event_type": "WEDDING", "payment_method": "CREDIT CARD", "created_at": "2024-07-21T05:40:07.084Z", "deposit_amount": 500}}, {"model": "venues.booking", "pk": 2, "fields": {"user": 1, "venue": 1, "phone_number": "+27123456789", "number_of_guests": 5, "special_requests": "none", "booking_date": "2024-07-30", "booking_time": "17:04:00", "event_type": "WEDDING", "payment_method": "CREDIT CARD", "created_at": "2024-07-21T10:00:59.631Z", "deposit_amount": 500}}, {"model": "venues.booking", "pk": 3, "fields": {"user": 1, "venue": 1, "phone_number": "+27123456789", "number_of_guests": 5, "special_requests": "n/a", "booking_date": "2024-07-30", "booking_time": "10:49:00", "event_type": "WEDDING", "payment_method": "CREDIT CARD", "created_at": "2024-07-22T03:43:46.879Z", "deposit_amount": 1000}}, {"model": "venues.booking", "pk": 4, "fields": {"user": 1, "venue": 2, "phone_number": "+27123456789", "number_of_guests": 12, "special_requests": "none", "booking_date": "2024-08-07", "booking_time": "15:45:00", "event_type": "VACATION", "payment_method": "CREDIT CARD", "created_at": "2024-07-22T09:45:39.915Z", "deposit_amount": 1000}}, {"model": "venues.booking", "pk": 5, "fields": {"user": 1, "venue": 1, "phone_number": "+27123456789", "number_of_guests": 8, "special_requests": "none", "booking_date": "2024-08-06", "booking_time": "19:30:00", "event_type": "VACATION", "payment_method": "CREDIT CARD", "created_at": "2024-07-24T11:26:59.749Z", "deposit_amount": 1000}}, {"model": "venues.booking", "pk": 6, "fields": {"user": 1, "venue": 2, "phone_number": "+27825463254", "number_of_guests": 5, "special_requests": "none", "booking_date": "2024-08-09", "booking_time": "19:20:00", "event_type": "WEDDING", "payment_method": "CREDIT CARD", "created_at": "2024-07-25T11:14:59.344Z", "deposit_amount": 1000}}, {"model": "venues.booking", "pk": 7, "fields": {"user": 1, "venue": 2, "phone_number": "+27825463254", "number_of_guests": 25, "special_requests": "n/a", "booking_date": "2024-08-06", "booking_time": "20:05:00", "event_type": "PARTY", "payment_method": "CREDIT CARD", "created_at": "2024-07-31T15:02:31.043Z", "deposit_amount": 1000}}, {"model": "venues.booking", "pk": 8, "fields": {"user": 1, "venue": 4, "phone_number": "+27825463254", "number_of_guests": 10, "special_requests": "N/A", "booking_date": "2024-08-07", "booking_time": "17:10:00", "event_type": "WEDDING", "payment_method": "PAYPAL", "created_at": "2024-08-04T13:10:47.935Z", "deposit_amount": 1000}}, {"model": "venues.booking", "pk": 9, "fields": {"user": 3, "venue": 3, "phone_number": "+27825463254", "number_of_guests": 20, "special_requests": "none", "booking_date": "2024-08-31", "booking_time": "20:07:00", "event_type": "WEDDING", "payment_method": "CREDIT CARD", "created_at": "2024-08-29T13:01:49.840Z", "deposit_amount": 1000}}, {"model": "venues.booking", "pk": 10, "fields": {"user": 4, "venue": 5, "phone_number": "+27825463254", "number_of_guests": 15, "special_requests": "N/A", "booking_date": "2024-09-19", "booking_time": "17:10:00", "event_type": "WEDDING", "payment_method": "CREDIT CARD", "created_at": "2024-09-03T13:09:51.505Z", "deposit_amount": 1000}}, {"model": "venues.booking", "pk": 11, "fields": {"user": 1, "venue": 4, "phone_number": "+27123456789", "number_of_guests": 4, "special_requests": "N/A", "booking_date": "2024-10-16", "booking_time": "20:15:00", "event_type": "VACATION", "payment_method": "CREDIT CARD", "created_at": "2024-10-03T15:11:35.993Z", "deposit_amount": 1200}}, {"model": "venues.booking", "pk": 12, "fields": {"user": 1, "venue": 1, "phone_number": "+27825463254", "number_of_guests": 15, "special_requests": "N/A", "booking_date": "2024-10-23", "booking_time": "20:45:00", "event_type": "CONVENTION", "payment_method": "BANK TRANSFER", "created_at": "2024-10-13T14:42:13.643Z", "deposit_amount": 1000}}, {"model": "venues.booking", "pk": 13, "fields": {"user": 1, "venue": 4, "phone_number": "+27825463254", "number_of_guests": 24, "special_requests": "N/A", "booking_date": "2024-10-20", "booking_time": "12:15:00", "event_type": "PARTY", "payment_method": "CREDIT CARD", "created_at": "2024-10-17T13:22:39.513Z", "deposit_amount": 500}}, {"model": "payment.payments", "pk": 1, "fields": {"user": 1, "booking": 1, "payment_status": "Pending", "payment_date": "2024-07-22T10:58:00.026Z", "payment_method": "CREDIT CARD", "event_type": "WEDDING", "deposit_amount": 500, "card_number": 4523654956366566, "cvv": 225, "expiry_date": "2025-03-01"}}, {"model": "payment.payments", "pk": 2, "fields": {"user": 1, "booking": 1, "payment_status": "Pending", "payment_date": "2024-07-22T12:30:59.730Z", "payment_method": "CREDIT CARD", "event_type": "WEDDING", "deposit_amount": 500, "card_number": 4513325626661036, "cvv": 225, "expiry_date": "2025-12-01"}}, {"model": "payment.payments", "pk": 3, "fields": {"user": 1, "booking": 1, "payment_status": "Pending", "payment_date": "2024-07-23T02:29:48.796Z", "payment_method": "CREDIT CARD", "event_type": "WEDDING", "deposit_amount": 500, "card_number": 4512551232545562, "cvv": 225, "expiry_date": "2025-05-01"}}, {"model": "payment.payments", "pk": 4, "fields": {"user": 1, "booking": 1, "payment_status": "Pending", "payment_date": "2024-07-23T03:07:03.290Z", "payment_method": "CREDIT CARD", "event_type": "WEDDING", "deposit_amount": 500, "card_number": 5412563226633266, "cvv": 885, "expiry_date": "2025-06-01"}}, {"model": "payment.payments", "pk": 5, "fields": {"user": 1, "booking": 1, "payment_status": "Pending", "payment_date": "2024-07-24T11:36:31.896Z", "payment_method": "CREDIT CARD", "event_type": "WEDDING", "deposit_amount": 500, "card_number": 4452313154151632, "cvv": 852, "expiry_date": "2025-02-01"}}, {"model": "payment.payments", "pk": 6, "fields": {"user": 1, "booking": 1, "payment_status": "Pending", "payment_date": "2024-07-25T11:15:36.415Z", "payment_method": "CREDIT CARD", "event_type": "WEDDING", "deposit_amount": 500, "card_number": 4522158964523212, "cvv": 985, "expiry_date": "2029-02-01"}}, {"model": "payment.payments", "pk": 7, "fields": {"user": 1, "booking": 1, "payment_status": "Pending", "payment_date": "2024-07-31T15:03:21.528Z", "payment_method": "CREDIT CARD", "event_type": "WEDDING", "deposit_amount": 500, "card_number": 8455132211452335, "cvv": 854, "expiry_date": "2027-06-01"}}, {"model": "payment.payments", "pk": 8, "fields": {"user": 1, "booking": 1, "payment_status": "Pending", "payment_date": "2024-08-04T13:11:28.648Z", "payment_method": "CREDIT CARD", "event_type": "WEDDING", "deposit_amount": 500, "card_number": 8481115161332165, "cvv": 885, "expiry_date": "2027-03-01"}}, {"model": "payment.payments", "pk": 9, "fields": {"user": 3, "booking": 3, "payment_status": "Pending", "payment_date": "2024-08-29T13:02:44.161Z", "payment_method": "CREDIT CARD", "event_type": "WEDDING", "deposit_amount": 1000, "card_number": 1266623233235623, "cvv": 998, "expiry_date": "2026-02-01"}}, {"model": "payment.payments", "pk": 10, "fields": {"user": 4, "booking": 4, "payment_status": "Pending", "payment_date": "2024-09-03T13:10:50.343Z", "payment_method": "CREDIT CARD", "event_type": "VACATION", "deposit_amount": 1000, "card_number": 8855631232544156, "cvv": 665, "expiry_date": "2026-03-01"}}, {"model": "payment.payments", "pk": 11, "fields": {"user": 1, "booking": 1, "payment_status": "Pending", "payment_date": "2024-10-03T15:12:23.346Z", "payment_method": "CREDIT CARD", "event_type": "WEDDING", "deposit_amount": 500, "card_number": 5412655632153352, "cvv": 885, "expiry_date": "2025-03-01"}}, {"model": "payment.payments", "pk": 12, "fields": {"user": 1, "booking": 1, "payment_status": "Pending", "payment_date": "2024-10-13T14:42:52.201Z", "payment_method": "CREDIT CARD", "event_type": "WEDDING", "deposit_amount": 500, "card_number": 4512332565552336, "cvv": 887, "expiry_date": "2025-03-01"}}, {"model": "payment.payments", "pk": 13, "fields": {"user": 1, "booking": 1, "payment_status": "Pending", "payment_date": "2024-10-17T13:24:33.571Z", "payment_method": "CREDIT CARD", "event_type": "WEDDING", "deposit_amount": 500, "card_number": 4512365562124523, "cvv": 854, "expiry_date": "2025-02-01"}}, {"model": "payment.payments", "pk": 14, "fields": {"user": 1, "booking": 1, "payment_status": "Pending", "payment_date": "2024-10-17T13:25:22.206Z", "payment_method": "CREDIT CARD", "event_type": "WEDDING", "deposit_amount": 500, "card_number": 4512366565622626, "cvv": 656, "expiry_date": "2025-02-01"}}]
